123716001;A102A31B6B19252B;46489;230430855212;03/08/2023 23:09:21;PP
123716002;A102A31B6B177082;46489;230430854840;03/08/2023 23:09:23;PP
123716003;A102A31B6B192B2B;46489;230430855213;03/08/2023 23:09:25;PP
123716004;A102A31B6B176F82;46489;230430854841;03/08/2023 23:09:26;PP
123716005;A102A31B6B192A2B;46489;230430855214;03/08/2023 23:09:28;PP
123716006;A102A31B6B176D82;46489;230430854842;03/08/2023 23:09:30;PP
123716007;A102A31B6B19282B;46489;230430855215;03/08/2023 23:09:31;PP
123716008;A102A31B6B176E82;46489;230430854843;03/08/2023 23:09:33;PP
123716009;A102A31B6B19292B;46489;230430855216;03/08/2023 23:09:35;PP
123716010;A102A31B6B176C82;46489;230430854844;03/08/2023 23:09:37;PP
123716011;A102A32EF5040567;46489;230430855217;03/08/2023 23:09:39;PP
123716012;A102A31B6B176B82;46489;230430854845;03/08/2023 23:09:40;PP
123716013;A102A32EF5040467;46489;230430855218;03/08/2023 23:09:42;PP
123716014;A102A31B6B176982;46489;230430854846;03/08/2023 23:09:44;PP
123716015;A102A31B6B19442D;46489;230430855219;03/08/2023 23:09:46;PP
123716016;A102A31B6B176A82;46489;230430854847;03/08/2023 23:09:47;PP
123716017;A102A31B6B19452D;46489;230430855220;03/08/2023 23:09:49;PP
123716018;A102A31B6B176882;46489;230430854848;03/08/2023 23:09:51;PP
123716019;A102A31B6B193E2E;46489;230430855221;03/08/2023 23:09:53;PP
123716020;A102A31B6B176782;46489;230430854849;03/08/2023 23:09:54;PP
123716021;A102A31B6B192C2E;46489;230430854975;03/08/2023 23:09:56;PP
123716022;A102A31B6B176582;46489;230430854850;03/08/2023 23:09:58;PP
123716023;A102A31B6B192A2E;46489;230430854976;03/08/2023 23:10:00;PP
123716024;A102A31B6B176682;46489;230430854851;03/08/2023 23:10:01;PP
123716025;A102A31B6B192B2E;46489;230430854977;03/08/2023 23:10:03;PP
123716026;A102A31B6B176482;46489;230430854852;03/08/2023 23:10:05;PP
123716027;A102A31B6B19292E;46489;230430854978;03/08/2023 23:10:06;PP
123716028;A102A31B6B176382;46489;230430854853;03/08/2023 23:10:08;PP
123716029;A102A31B6B19282E;46489;230430854979;03/08/2023 23:10:10;PP
123716030;A102A31B6B176182;46489;230430854854;03/08/2023 23:10:12;PP
123716031;A102A31B6B19262E;46489;230430854980;03/08/2023 23:10:13;PP
123716032;A102A31B6B176282;46489;230430854855;03/08/2023 23:10:15;PP
123716033;A102A31B6B19272E;46489;230430854981;03/08/2023 23:10:17;PP
123716034;A102A31B6B190C30;46489;230430854912;03/08/2023 23:10:18;PP
123716035;A102A31B6B19202E;46489;230430854982;03/08/2023 23:10:20;PP
123716036;A102A31B6B190B30;46489;230430854913;03/08/2023 23:10:22;PP
123716037;A102A31B6B191F2E;46489;230430854983;03/08/2023 23:10:23;PP
123716038;A102A31B6B190930;46489;230430854914;03/08/2023 23:10:25;PP
123716039;A102A31B6B190B2B;46489;230430854984;03/08/2023 23:10:27;PP
123716040;A102A31B6B190A30;46489;230430854915;03/08/2023 23:10:29;PP
123716041;A102A31B6B190A2B;46489;230430854985;03/08/2023 23:10:31;PP
123716042;A102A31B6B194930;46489;230430854916;03/08/2023 23:10:32;PP
123716043;A102A31B6B190C2B;46489;230430854986;03/08/2023 23:10:34;PP
123716044;A102A32EF5041C68;46489;230430854877;03/08/2023 23:10:36;PP
123716045;A102A31B6B190D2B;46489;230430854987;03/08/2023 23:10:37;PP
123716046;A102A32EF5041A68;46489;230430854878;03/08/2023 23:10:39;PP
123716047;A102A31B6B190D2E;46489;230430854988;03/08/2023 23:10:41;PP
123716048;A102A32EF5041B68;46489;230430854879;03/08/2023 23:10:42;PP
123716049;A102A31B6B190E2E;46489;230430854989;03/08/2023 23:10:44;PP
123716050;A102A31B6B193130;46489;230430854880;03/08/2023 23:10:46;PP
123716051;A102A31B6B19262D;46489;230430854938;03/08/2023 23:10:48;PP
123716052;A102A31B6B193230;46489;230430854881;03/08/2023 23:10:49;PP
123716053;A102A31B6B19762E;46489;230430854995;03/08/2023 23:10:51;PP
123716054;A102A31B6B193030;46489;230430854882;03/08/2023 23:10:53;PP
123716055;A102A31B6B19462D;46489;230430854999;03/08/2023 23:10:54;PP
123716056;A102A31B6B192F30;46489;230430854883;03/08/2023 23:10:56;PP
123716057;A102A31B6B193E2F;46489;230430854837;03/08/2023 23:10:58;PP
123716058;A102A31B6B192930;46489;230430854884;03/08/2023 23:11:00;PP
123716059;A102A31B6B195230;46489;230430854838;03/08/2023 23:11:01;PP
123716060;A102A31B6B192A30;46489;230430854885;03/08/2023 23:11:03;PP
123716061;A102A31B6B19242D;46489;230430854937;03/08/2023 23:11:05;PP
123716062;A102A31B6B192530;46489;230430854886;03/08/2023 23:11:07;PP
123716063;A102A31B6B19522F;46489;230430854764;03/08/2023 23:11:08;PP
123716064;A102A31B6B192630;46489;230430854887;03/08/2023 23:11:10;PP
123716065;A102A31B6B19712E;46489;230430854997;03/08/2023 23:11:11;PP
123716066;A102A31B6B192130;46489;230430854888;03/08/2023 23:11:13;PP
123716067;A102A31B6B19472D;46489;230430854998;03/08/2023 23:11:15;PP
123716068;A102A31B6B192230;46489;230430854889;03/08/2023 23:11:17;PP
123716069;A102A31B6B193F30;46489;230430854785;03/08/2023 23:11:18;PP
123716070;A102A31B6B191D30;46489;230430854890;03/08/2023 23:11:20;PP
123716071;A102A31B6B193D30;46489;230430854786;03/08/2023 23:11:22;PP
123716072;A102A31B6B191F30;46489;230430854891;03/08/2023 23:11:24;PP
123716073;A102A31B6B19252C;46489;230430855059;03/08/2023 23:11:25;PP
123716074;A102A31B6B191830;46489;230430854892;03/08/2023 23:11:27;PP
123716075;A102A31B6B19242C;46489;230430855060;03/08/2023 23:11:29;PP
123716076;A102A31B6B19392F;46489;230430854708;03/08/2023 23:11:30;PP
123716077;A102A31B6B19222C;46489;230430855061;03/08/2023 23:11:32;PP
123716078;A102A31B6B193A2F;46489;230430854709;03/08/2023 23:11:34;PP
123716079;A102A31B6B19232C;46489;230430855062;03/08/2023 23:11:35;PP
123716080;A102A31B6B193C2F;46489;230430854710;03/08/2023 23:11:37;PP
123716081;A102A31B6B19312E;46489;230430854970;03/08/2023 23:11:39;PP
123716082;A102A31B6B193B2F;46489;230430854711;03/08/2023 23:11:41;PP
123716083;A102A31B6B19302E;46489;230430854971;03/08/2023 23:11:42;PP
123716084;A102A31B6B174C81;46489;230430854721;03/08/2023 23:11:44;PP
123716085;A102A31B6B192E2E;46489;230430854972;03/08/2023 23:11:46;PP
123716086;A102A31B6B174E81;46489;230430854722;03/08/2023 23:11:47;PP
123716087;A102A31B6B192F2E;46489;230430854973;03/08/2023 23:11:49;PP
123716088;A102A31B6B174F81;46489;230430854723;03/08/2023 23:11:51;PP
123716089;A102A31B6B192D2E;46489;230430854974;03/08/2023 23:11:53;PP
123716090;A102A31B6B176081;46489;230430854712;03/08/2023 23:11:54;PP
123716091;A102A31B6B177977;46489;230430855097;03/08/2023 23:11:56;PP
123716092;A102A31B6B175F81;46489;230430854713;03/08/2023 23:11:58;PP
123716093;A102A31B6B19102D;46489;230430855105;03/08/2023 23:12:00;PP
123716094;A102A31B6B171581;46489;230430854714;03/08/2023 23:12:01;PP
123716095;A102A31B6B190F2D;46489;230430855106;03/08/2023 23:12:03;PP
123716096;A102A31B6B171481;46489;230430854715;03/08/2023 23:12:05;PP
123716097;A102A31B6B19542D;46489;230430855099;03/08/2023 23:12:06;PP
123716098;A102A31B6B173181;46489;230430854716;03/08/2023 23:12:08;PP
123716099;A102A31B6B19552D;46489;230430855100;03/08/2023 23:12:10;PP
123716100;A102A31B6B173081;46489;230430854717;03/08/2023 23:12:12;PP
123716101;A102A31B6B190C2D;46490;230430855101;03/08/2023 23:12:13;PP
123716102;A102A31B6B17637F;46490;230430854718;03/08/2023 23:12:15;PP
123716103;A102A31B6B190A2D;46490;230430855102;03/08/2023 23:12:17;PP
123716104;A102A31B6B17647F;46490;230430854719;03/08/2023 23:12:18;PP
123716105;A102A31B6B190D2D;46490;230430855103;03/08/2023 23:12:20;PP
123716106;A102A31B6B174D81;46490;230430854720;03/08/2023 23:12:22;PP
123716107;A102A31B6B190E2D;46490;230430855104;03/08/2023 23:12:23;PP
123716108;A102A31B6B195A2F;46490;230430854684;03/08/2023 23:12:25;PP
123716109;A102A31B6B177877;46490;230430855098;03/08/2023 23:12:27;PP
123716110;A102A31B6B195B2F;46490;230430854685;03/08/2023 23:12:29;PP
123716111;A102A31B6B191E2C;46490;230430855063;03/08/2023 23:12:30;PP
123716112;A102A31B6B195D2F;46490;230430854686;03/08/2023 23:12:32;PP
123716113;A102A31B6B191F2C;46490;230430855064;03/08/2023 23:12:34;PP
123716114;A102A31B6B175681;46490;230430854730;03/08/2023 23:12:35;PP
123716115;A102A31B6B191D2C;46490;230430855065;03/08/2023 23:12:37;PP
123716116;A102A31B6B175781;46490;230430854731;03/08/2023 23:12:39;PP
123716117;A102A31B6B191C2C;46490;230430855066;03/08/2023 23:12:40;PP
123716118;A102A31B6B194D30;46490;230430854732;03/08/2023 23:12:43;PP
123716119;A102A31B6B19192C;46490;230430855067;03/08/2023 23:12:45;PP
123716120;A102A31B6B194C30;46490;230430854733;03/08/2023 23:12:47;PP
123716121;A102A31B6B19182C;46490;230430855068;03/08/2023 23:12:48;PP
123716122;A102A31B6B194A30;46490;230430854734;03/08/2023 23:12:50;PP
123716123;A102A31B6B19162C;46490;230430855069;03/08/2023 23:12:52;PP
123716124;A102A31B6B194B30;46490;230430854735;03/08/2023 23:12:53;PP
123716125;A102A31B6B176082;46490;230430854856;03/08/2023 23:12:55;PP
123716126;A102A31B6B172F80;46490;230430854743;03/08/2023 23:12:57;PP
123716127;A102A31B6B19702F;46490;230430854807;03/08/2023 23:12:58;PP
123716128;A102A31B6B195130;46490;230430854736;03/08/2023 23:13:00;PP
123716129;A102A32EF5040A68;46490;230430854808;03/08/2023 23:13:02;PP
123716130;A102A31B6B195030;46490;230430854737;03/08/2023 23:13:04;PP
123716131;A102A32EF5040B68;46490;230430854809;03/08/2023 23:13:05;PP
123716132;A102A31B6B194E30;46490;230430854738;03/08/2023 23:13:07;PP
123716133;A102A32EF5040D68;46490;230430854810;03/08/2023 23:13:09;PP
123716134;A102A31B6B194F30;46490;230430854739;03/08/2023 23:13:10;PP
123716135;A102A32EF5040C68;46490;230430854811;03/08/2023 23:13:12;PP
123716136;A102A31B6B173180;46490;230430854740;03/08/2023 23:13:14;PP
123716137;A102A32EF5040E68;46490;230430854812;03/08/2023 23:13:16;PP
123716138;A102A31B6B173080;46490;230430854741;03/08/2023 23:13:17;PP
123716139;A102A32EF5040F68;46490;230430854813;03/08/2023 23:13:19;PP
123716140;A102A31B6B172E80;46490;230430854742;03/08/2023 23:13:21;PP
123716141;A102A32EF5041568;46490;230430854814;03/08/2023 23:13:23;PP
123716142;A102A31B6B19352F;46490;230430854704;03/08/2023 23:13:24;PP
123716143;A102A32EF5041468;46490;230430854815;03/08/2023 23:13:26;PP
123716144;A102A31B6B19362F;46490;230430854705;03/08/2023 23:13:28;PP
123716145;A102A32EF5041968;46490;230430854816;03/08/2023 23:13:29;PP
123716146;A102A31B6B19382F;46490;230430854706;03/08/2023 23:13:31;PP
123716147;A102A32EF5041868;46490;230430854817;03/08/2023 23:13:33;PP
123716148;A102A31B6B19372F;46490;230430854707;03/08/2023 23:13:34;PP
123716149;A102A31B6B197E2F;46490;230430854818;03/08/2023 23:13:36;PP
123716150;A102A31B6B17227F;46490;230430854752;03/08/2023 23:13:38;PP
123716151;A102A31B6B197D2F;46490;230430854819;03/08/2023 23:13:40;PP
123716152;A102A31B6B17237F;46490;230430854753;03/08/2023 23:13:41;PP
123716153;A102A31B6B197F2F;46490;230430854820;03/08/2023 23:13:43;PP
123716154;A102A31B6B17257F;46490;230430854754;03/08/2023 23:13:45;PP
123716155;A102A31B6B19802F;46490;230430854821;03/08/2023 23:13:46;PP
123716156;A102A31B6B17247F;46490;230430854755;03/08/2023 23:13:48;PP
123716157;A102A31B6B196B2D;46490;230430854822;03/08/2023 23:13:50;PP
123716158;A102A31B6B17267F;46490;230430854756;03/08/2023 23:13:52;PP
123716159;A102A31B6B196A2D;46490;230430854823;03/08/2023 23:13:53;PP
123716160;A102A31B6B194F2F;46490;230430854763;03/08/2023 23:13:55;PP
123716161;A102A31B6B19682A;46490;230430854824;03/08/2023 23:13:57;PP
123716162;A102A31B6B17277F;46490;230430854757;03/08/2023 23:13:59;PP
123716163;A102A31B6B19692A;46490;230430854825;03/08/2023 23:14:00;PP
123716164;A102A31B6B17297F;46490;230430854758;03/08/2023 23:14:02;PP
123716165;A102A31B6B191E2F;46490;230430854826;03/08/2023 23:14:03;PP
123716166;A102A31B6B17287F;46490;230430854759;03/08/2023 23:14:05;PP
123716167;A102A31B6B191730;46490;230430854893;03/08/2023 23:14:07;PP
123716168;A102A31B6B194530;46490;230430854760;03/08/2023 23:14:09;PP
123716169;A102A31B6B191530;46490;230430854894;03/08/2023 23:14:10;PP
123716170;A102A31B6B194730;46490;230430854761;03/08/2023 23:14:12;PP
123716171;A102A31B6B191630;46490;230430854895;03/08/2023 23:14:14;PP
123716172;A102A31B6B194E2F;46490;230430854762;03/08/2023 23:14:16;PP
123716173;A102A31B6B191430;46490;230430854896;03/08/2023 23:14:17;PP
123716174;A102A31B6B175181;46490;230430854724;03/08/2023 23:14:19;PP
123716175;A102A31B6B175F82;46490;230430854857;03/08/2023 23:14:21;PP
123716176;A102A31B6B175081;46490;230430854725;03/08/2023 23:14:22;PP
123716177;A102A31B6B175D82;46490;230430854858;03/08/2023 23:14:24;PP
123716178;A102A31B6B177382;46490;230430854726;03/08/2023 23:14:26;PP
123716179;A102A31B6B175E82;46490;230430854859;03/08/2023 23:14:28;PP
123716180;A102A31B6B175381;46490;230430854727;03/08/2023 23:14:29;PP
123716181;A102A31B6B175C82;46490;230430854860;03/08/2023 23:14:31;PP
123716182;A102A31B6B175581;46490;230430854728;03/08/2023 23:14:33;PP
123716183;A102A31B6B175B82;46490;230430854861;03/08/2023 23:14:34;PP
123716184;A102A31B6B175481;46490;230430854729;03/08/2023 23:14:36;PP
123716185;A102A31B6B175982;46490;230430854862;03/08/2023 23:14:38;PP
123716186;A102A31B6B191230;46490;230430854777;03/08/2023 23:14:39;PP
123716187;A102A31B6B175A82;46490;230430854863;03/08/2023 23:14:41;PP
123716188;A102A31B6B190E2F;46490;230430854778;03/08/2023 23:14:43;PP
123716189;A102A31B6B175882;46490;230430854864;03/08/2023 23:14:45;PP
123716190;A102A31B6B190F2F;46490;230430854779;03/08/2023 23:14:46;PP
123716191;A102A31B6B175782;46490;230430854865;03/08/2023 23:14:48;PP
123716192;A102A31B6B192C30;46490;230430854780;03/08/2023 23:14:50;PP
123716193;A102A31B6B175582;46490;230430854866;03/08/2023 23:14:51;PP
123716194;A102A31B6B192B30;46490;230430854781;03/08/2023 23:14:53;PP
123716195;A102A31B6B175682;46490;230430854867;03/08/2023 23:14:55;PP
123716196;A102A31B6B191C30;46490;230430854782;03/08/2023 23:14:57;PP
123716197;A102A31B6B175482;46490;230430854868;03/08/2023 23:14:58;PP
123716198;A102A31B6B191B30;46490;230430854783;03/08/2023 23:15:00;PP
123716199;A102A31B6B175382;46490;230430854869;03/08/2023 23:15:02;PP
123716200;A102A31B6B194030;46490;230430854784;03/08/2023 23:15:04;PP
123716201;A102A32EF5042268;46491;230430854870;03/08/2023 23:15:05;PP
123716202;A102A31B6B172D80;46491;230430854744;03/08/2023 23:15:07;PP
123716203;A102A32EF5042368;46491;230430854871;03/08/2023 23:15:09;PP
123716204;A102A31B6B172C80;46491;230430854745;03/08/2023 23:15:10;PP
123716205;A102A32EF5042168;46491;230430854872;03/08/2023 23:15:12;PP
123716206;A102A31B6B172A80;46491;230430854746;03/08/2023 23:15:14;PP
123716207;A102A32EF5042068;46491;230430854873;03/08/2023 23:15:15;PP
123716208;A102A31B6B172B80;46491;230430854747;03/08/2023 23:15:17;PP
123716209;A102A32EF5041E68;46491;230430854874;03/08/2023 23:15:19;PP
123716210;A102A31B6B172980;46491;230430854748;03/08/2023 23:15:21;PP
123716211;A102A32EF5041F68;46491;230430854875;03/08/2023 23:15:22;PP
123716212;A102A31B6B172880;46491;230430854749;03/08/2023 23:15:24;PP
123716213;A102A31B6B19292D;46491;230430854933;03/08/2023 23:15:26;PP
123716214;A102A31B6B172680;46491;230430854750;03/08/2023 23:15:27;PP
123716215;A102A31B6B192B2D;46491;230430854934;03/08/2023 23:15:29;PP
123716216;A102A31B6B172780;46491;230430854751;03/08/2023 23:15:31;PP
123716217;A102A31B6B192C2D;46491;230430854935;03/08/2023 23:15:33;PP
123716218;A102A31B6B197A2F;46491;230430854800;03/08/2023 23:15:34;PP
123716219;A102A31B6B19252D;46491;230430854936;03/08/2023 23:15:36;PP
123716220;A102A31B6B19782F;46491;230430854801;03/08/2023 23:15:38;PP
123716221;A102A31B6B191330;46491;230430854897;03/08/2023 23:15:40;PP
123716222;A102A31B6B197B2F;46491;230430854802;03/08/2023 23:15:41;PP
123716223;A102A31B6B191030;46491;230430854898;03/08/2023 23:15:43;PP
123716224;A102A31B6B197C2F;46491;230430854803;03/08/2023 23:15:45;PP
123716225;A102A31B6B190F30;46491;230430854899;03/08/2023 23:15:46;PP
123716226;A102A31B6B19752F;46491;230430854804;03/08/2023 23:15:48;PP
123716227;A102A31B6B171A81;46491;230430854900;03/08/2023 23:15:50;PP
123716228;A102A31B6B19742F;46491;230430854805;03/08/2023 23:15:52;PP
123716229;A102A31B6B171B81;46491;230430854901;03/08/2023 23:15:53;PP
123716230;A102A31B6B19712F;46491;230430854806;03/08/2023 23:15:55;PP
123716231;A102A31B6B175A7F;46491;230430854902;03/08/2023 23:15:57;PP
123716232;A102A31B6B19532F;46491;230430854765;03/08/2023 23:15:58;PP
123716233;A102A31B6B17597F;46491;230430854903;03/08/2023 23:16:00;PP
123716234;A102A31B6B19552F;46491;230430854766;03/08/2023 23:16:02;PP
123716235;A102A31B6B190830;46491;230430854904;03/08/2023 23:16:03;PP
123716236;A102A31B6B19542F;46491;230430854767;03/08/2023 23:16:05;PP
123716237;A102A31B6B190730;46491;230430854905;03/08/2023 23:16:07;PP
123716238;A102A31B6B19562F;46491;230430854768;03/08/2023 23:16:09;PP
123716239;A102A31B6B19092F;46491;230430854906;03/08/2023 23:16:10;PP
123716240;A102A31B6B19572F;46491;230430854769;03/08/2023 23:16:12;PP
123716241;A102A31B6B19082F;46491;230430854907;03/08/2023 23:16:14;PP
123716242;A102A31B6B19592F;46491;230430854770;03/08/2023 23:16:16;PP
123716243;A102A31B6B17497E;46491;230430854908;03/08/2023 23:16:17;PP
123716244;A102A31B6B19582F;46491;230430854771;03/08/2023 23:16:19;PP
123716245;A102A31B6B174A7E;46491;230430854909;03/08/2023 23:16:21;PP
123716246;A102A31B6B191A2F;46491;230430854772;03/08/2023 23:16:22;PP
123716247;A102A31B6B190D30;46491;230430854910;03/08/2023 23:16:24;PP
123716248;A102A31B6B19192F;46491;230430854773;03/08/2023 23:16:26;PP
123716249;A102A31B6B190E30;46491;230430854911;03/08/2023 23:16:28;PP
123716250;A102A31B6B191B2F;46491;230430854774;03/08/2023 23:16:29;PP
123716251;A102A31B6B194830;46491;230430854917;03/08/2023 23:16:31;PP
123716252;A102A31B6B191C2F;46491;230430854775;03/08/2023 23:16:33;PP
123716253;A102A31B6B190A2F;46491;230430854918;03/08/2023 23:16:34;PP
123716254;A102A31B6B191130;46491;230430854776;03/08/2023 23:16:36;PP
123716255;A102A31B6B190B2F;46491;230430854919;03/08/2023 23:16:38;PP
123716256;A102A31B6B193E30;46491;230430854787;03/08/2023 23:16:40;PP
123716257;A102A31B6B19372D;46491;230430854920;03/08/2023 23:16:41;PP
123716258;A102A31B6B194130;46491;230430854788;03/08/2023 23:16:43;PP
123716259;A102A31B6B19362D;46491;230430854921;03/08/2023 23:16:45;PP
123716260;A102A31B6B194230;46491;230430854789;03/08/2023 23:16:47;PP
123716261;A102A31B6B19382D;46491;230430854922;03/08/2023 23:16:48;PP
123716262;A102A31B6B19092E;46491;230430854790;03/08/2023 23:16:50;PP
123716263;A102A31B6B19392D;46491;230430854923;03/08/2023 23:16:52;PP
123716264;A102A31B6B190A2E;46491;230430854791;03/08/2023 23:16:53;PP
123716265;A102A31B6B195530;46491;230430854924;03/08/2023 23:16:55;PP
123716266;A102A31B6B174581;46491;230430854792;03/08/2023 23:16:57;PP
123716267;A102A31B6B195430;46491;230430854925;03/08/2023 23:16:58;PP
123716268;A102A31B6B174481;46491;230430854793;03/08/2023 23:17:00;PP
123716269;A102A31B6B192F2D;46491;230430854926;03/08/2023 23:17:02;PP
123716270;A102A31B6B174681;46491;230430854794;03/08/2023 23:17:04;PP
123716271;A102A31B6B19302D;46491;230430854927;03/08/2023 23:17:06;PP
123716272;A102A31B6B174781;46491;230430854795;03/08/2023 23:17:07;PP
123716273;A102A31B6B19322D;46491;230430854928;03/08/2023 23:17:09;PP
123716274;A102A31B6B174981;46491;230430854796;03/08/2023 23:17:11;PP
123716275;A102A31B6B19312D;46491;230430854929;03/08/2023 23:17:12;PP
123716276;A102A31B6B174881;46491;230430854797;03/08/2023 23:17:14;PP
123716277;A102A31B6B19332D;46491;230430854930;03/08/2023 23:17:16;PP
123716278;A102A31B6B174A81;46491;230430854798;03/08/2023 23:17:17;PP
123716279;A102A31B6B19352D;46491;230430854931;03/08/2023 23:17:19;PP
123716280;A102A31B6B174B81;46491;230430854799;03/08/2023 23:17:21;PP
123716281;A102A31B6B192A2D;46491;230430854932;03/08/2023 23:17:23;PP
123716282;A102A31B6B17407F;46491;230430854619;03/08/2023 23:17:24;PP
123716283;A102A31B6B195C2F;46491;230430854687;03/08/2023 23:17:26;PP
123716284;A102A31B6B17337F;46491;230430854579;03/08/2023 23:17:28;PP
123716285;A102A31B6B195E2F;46491;230430854688;03/08/2023 23:17:29;PP
123716286;A102A31B6B171A77;46491;230430854539;03/08/2023 23:17:31;PP
123716287;A102A31B6B195F2F;46491;230430854689;03/08/2023 23:17:33;PP
123716288;A102A31B6B172883;46491;230430854454;03/08/2023 23:17:35;PP
123716289;A102A31B6B19402F;46491;230430854690;03/08/2023 23:17:36;PP
123716290;A102A31B6B172783;46491;230430854455;03/08/2023 23:17:38;PP
123716291;A102A31B6B193F2F;46491;230430854691;03/08/2023 23:17:40;PP
123716292;A102A31B6B172D83;46491;230430854456;03/08/2023 23:17:42;PP
123716293;A102A31B6B19412F;46491;230430854692;03/08/2023 23:17:43;PP
123716294;A102A31B6B172E83;46491;230430854457;03/08/2023 23:17:45;PP
123716295;A102A31B6B19422F;46491;230430854693;03/08/2023 23:17:47;PP
123716296;A102A31B6B173083;46491;230430854458;03/08/2023 23:17:48;PP
123716297;A102A31B6B191F2F;46491;230430854694;03/08/2023 23:17:50;PP
123716298;A102A31B6B17237E;46491;230430854118;03/08/2023 23:17:52;PP
123716299;A102A31B6B19202F;46491;230430854695;03/08/2023 23:17:54;PP
123716300;A102A31B6B17207E;46491;230430854237;03/08/2023 23:17:55;PP
123716301;A102A31B6B19242F;46492;230430854696;03/08/2023 23:17:57;PP
123716302;A102A31B6B17427F;46492;230430854620;03/08/2023 23:17:59;PP
123716303;A102A31B6B19262F;46492;230430854697;03/08/2023 23:18:00;PP
123716304;A102A31B6B17437F;46492;230430854621;03/08/2023 23:18:02;PP
123716305;A102A31B6B19282F;46492;230430854698;03/08/2023 23:18:04;PP
123716306;A102A31B6B17467F;46492;230430854622;03/08/2023 23:18:05;PP
123716307;A102A31B6B19272F;46492;230430854699;03/08/2023 23:18:07;PP
123716308;A102A31B6B17477F;46492;230430854623;03/08/2023 23:18:09;PP
123716309;A102A31B6B192D2F;46492;230430854700;03/08/2023 23:18:11;PP
123716310;A102A31B6B17217D;46492;230430854215;03/08/2023 23:18:12;PP
123716311;A102A31B6B192E2F;46492;230430854701;03/08/2023 23:18:14;PP
123716312;A102A31B6B171A83;46492;230430854371;03/08/2023 23:18:16;PP
123716313;A102A31B6B19302F;46492;230430854702;03/08/2023 23:18:17;PP
123716314;A102A31B6B186B1E;46492;230430854304;03/08/2023 23:18:19;PP
123716315;A102A31B6B192F2F;46492;230430854703;03/08/2023 23:18:21;PP
123716316;A102A31B6B172B7D;46492;230430854216;03/08/2023 23:18:23;PP
123716317;A102A31B6B172E7F;46492;230430854604;03/08/2023 23:19:58;PP
123716318;A102A31B6B171C77;46492;230430854106;03/08/2023 23:18:26;PP
123716319;A102A31B6B17357F;46492;230430854580;03/08/2023 23:18:28;PP
123716320;A102A31B6B171D77;46492;230430854107;03/08/2023 23:18:29;PP
123716321;A102A31B6B17347F;46492;230430854581;03/08/2023 23:18:31;PP
123716322;A102A31B6B17487F;46492;230430854625;03/08/2023 23:18:33;PP
123716323;A102A31B6B17367F;46492;230430854582;03/08/2023 23:18:35;PP
123716324;A102A31B6B174A7F;46492;230430854626;03/08/2023 23:18:36;PP
123716325;A102A31B6B17377F;46492;230430854583;03/08/2023 23:18:38;PP
123716326;A102A31B6B174B7F;46492;230430854627;03/08/2023 23:18:40;PP
123716327;A102A31B6B17397F;46492;230430854584;03/08/2023 23:18:42;PP
123716328;A102A31B6B174D7F;46492;230430854628;03/08/2023 23:18:43;PP
123716329;A102A31B6B17387F;46492;230430854585;03/08/2023 23:18:45;PP
123716330;A102A31B6B174C7F;46492;230430854629;03/08/2023 23:18:47;PP
123716331;A102A31B6B173A7F;46492;230430854586;03/08/2023 23:18:48;PP
123716332;A102A31B6B174E7F;46492;230430854630;03/08/2023 23:18:50;PP
123716333;A102A31B6B173B7F;46492;230430854587;03/08/2023 23:18:52;PP
123716334;A102A31B6B174F7F;46492;230430854631;03/08/2023 23:18:54;PP
123716335;A102A31B6B173D7F;46492;230430854588;03/08/2023 23:18:56;PP
123716336;A102A31B6B175B81;46492;230430854632;03/08/2023 23:18:58;PP
123716337;A102A31B6B173C7F;46492;230430854589;03/08/2023 23:18:59;PP
123716338;A102A31B6B175D81;46492;230430854633;03/08/2023 23:19:01;PP
123716339;A102A31B6B173E7F;46492;230430854590;03/08/2023 23:19:03;PP
123716340;A102A31B6B19442F;46492;230430854634;03/08/2023 23:19:05;PP
123716341;A102A31B6B173F7F;46492;230430854591;03/08/2023 23:19:06;PP
123716342;A102A31B6B19432F;46492;230430854635;03/08/2023 23:19:08;PP
123716343;A102A31B6B196C2E;46492;230430854592;03/08/2023 23:19:10;PP
123716344;A102A31B6B19452F;46492;230430854636;03/08/2023 23:19:11;PP
123716345;A102A31B6B196D2E;46492;230430854593;03/08/2023 23:19:13;PP
123716346;A102A31B6B19462F;46492;230430854637;03/08/2023 23:19:15;PP
123716347;A102A31B6B193C2D;46492;230430854594;03/08/2023 23:19:17;PP
123716348;A102A31B6B19482F;46492;230430854638;03/08/2023 23:19:18;PP
123716349;A102A31B6B193D2D;46492;230430854595;03/08/2023 23:19:20;PP
123716350;A102A31B6B19472F;46492;230430854639;03/08/2023 23:19:22;PP
123716351;A102A31B6B19402D;46492;230430854596;03/08/2023 23:19:23;PP
123716352;A102A31B6B19182B;46492;230430854640;03/08/2023 23:19:25;PP
123716353;A102A31B6B19412D;46492;230430854597;03/08/2023 23:19:27;PP
123716354;A102A31B6B19192B;46492;230430854641;03/08/2023 23:19:29;PP
123716355;A102A31B6B194F2D;46492;230430854598;03/08/2023 23:19:31;PP
123716356;A102A31B6B176B7F;46492;230430854646;03/08/2023 23:19:32;PP
123716357;A102A31B6B194E2D;46492;230430854599;03/08/2023 23:19:34;PP
123716358;A102A31B6B176C7F;46492;230430854647;03/08/2023 23:19:36;PP
123716359;A102A31B6B197C2E;46492;230430854642;03/08/2023 23:19:37;PP
123716360;A102A31B6B176E7F;46492;230430854648;03/08/2023 23:19:39;PP
123716361;A102A31B6B197D2E;46492;230430854643;03/08/2023 23:19:41;PP
123716362;A102A31B6B176D7F;46492;230430854649;03/08/2023 23:19:43;PP
123716363;A102A31B6B172A7F;46492;230430854600;03/08/2023 23:19:44;PP
123716364;A102A31B6B176F7F;46492;230430854650;03/08/2023 23:19:46;PP
123716365;A102A31B6B172B7F;46492;230430854601;03/08/2023 23:19:48;PP
123716366;A102A31B6B17707F;46492;230430854651;03/08/2023 23:19:50;PP
123716367;A102A31B6B172D7F;46492;230430854602;03/08/2023 23:19:51;PP
123716368;A102A31B6B17717F;46492;230430854653;03/08/2023 23:19:53;PP
123716369;A102A31B6B172C7F;46492;230430854603;03/08/2023 23:19:55;PP
123716370;A102A31B6B177D7E;46492;230430854663;03/08/2023 23:19:56;PP
123716371;A102A31B6B17747F;46492;230430854655;03/08/2023 23:20:00;PP
123716372;A102A31B6B172F7F;46492;230430854605;03/08/2023 23:20:02;PP
123716373;A102A31B6B17767F;46492;230430854656;03/08/2023 23:20:03;PP
123716374;A102A31B6B17737E;46492;230430854606;03/08/2023 23:20:05;PP
123716375;A102A31B6B17757F;46492;230430854657;03/08/2023 23:20:07;PP
123716376;A102A31B6B17727E;46492;230430854607;03/08/2023 23:20:09;PP
123716377;A102A31B6B17787F;46492;230430854658;03/08/2023 23:20:10;PP
123716378;A102A31B6B176E7E;46492;230430854608;03/08/2023 23:20:12;PP
123716379;A102A31B6B17797F;46492;230430854659;03/08/2023 23:20:14;PP
123716380;A102A31B6B176D7E;46492;230430854609;03/08/2023 23:20:15;PP
123716381;A102A31B6B177B7F;46492;230430854660;03/08/2023 23:20:17;PP
123716382;A102A31B6B176B7E;46492;230430854610;03/08/2023 23:20:19;PP
123716383;A102A31B6B177A7F;46492;230430854661;03/08/2023 23:20:21;PP
123716384;A102A31B6B176C7E;46492;230430854611;03/08/2023 23:20:22;PP
123716385;A102A31B6B17497F;46492;230430854624;03/08/2023 23:20:24;PP
123716386;A102A31B6B176A7E;46492;230430854612;03/08/2023 23:20:26;PP
123716387;A102A31B6B17767E;46492;230430854670;03/08/2023 23:20:28;PP
123716388;A102A31B6B17697E;46492;230430854613;03/08/2023 23:20:29;PP
123716389;A102A31B6B17757E;46492;230430854671;03/08/2023 23:20:31;PP
123716390;A102A31B6B17677E;46492;230430854614;03/08/2023 23:20:33;PP
123716391;A102A31B6B173880;46492;230430854672;03/08/2023 23:20:35;PP
123716392;A102A31B6B17687E;46492;230430854615;03/08/2023 23:20:36;PP
123716393;A102A31B6B17747E;46492;230430854673;03/08/2023 23:20:38;PP
123716394;A102A31B6B17517F;46492;230430854616;03/08/2023 23:20:40;PP
123716395;A102A31B6B17527F;46492;230430854674;03/08/2023 23:20:42;PP
123716396;A102A31B6B177C7E;46492;230430854665;03/08/2023 23:20:43;PP
123716397;A102A31B6B17537F;46492;230430854675;03/08/2023 23:20:45;PP
123716398;A102A31B6B177A7E;46492;230430854666;03/08/2023 23:20:47;PP
123716399;A102A31B6B17417E;46492;230430854676;03/08/2023 23:20:48;PP
123716400;A102A31B6B17797E;46492;230430854667;03/08/2023 23:20:50;PP
123716401;A102A31B6B17427E;46493;230430854677;03/08/2023 23:20:52;PP
123716402;A102A31B6B17777E;46493;230430854668;03/08/2023 23:20:53;PP
123716403;A102A31B6B172E82;46493;230430854678;03/08/2023 23:20:55;PP
123716404;A102A31B6B17787E;46493;230430854669;03/08/2023 23:20:57;PP
123716405;A102A31B6B172F82;46493;230430854679;03/08/2023 23:20:59;PP
123716406;A102A31B6B174D7E;46493;230430854480;03/08/2023 23:21:01;PP
123716407;A102A31B6B194D2F;46493;230430854680;03/08/2023 23:21:02;PP
123716408;A102A31B6B174E7E;46493;230430854481;03/08/2023 23:21:04;PP
123716409;A102A31B6B194C2F;46493;230430854681;03/08/2023 23:21:06;PP
123716410;A102A31B6B17637E;46493;230430854482;03/08/2023 23:21:07;PP
123716411;A102A31B6B19612F;46493;230430854682;03/08/2023 23:21:09;PP
123716412;A102A31B6B17647E;46493;230430854483;03/08/2023 23:21:11;PP
123716413;A102A31B6B19602F;46493;230430854683;03/08/2023 23:21:13;PP
123716414;A102A31B6B17557F;46493;230430854484;03/08/2023 23:21:14;PP
123716415;A102A31B6B176A7F;46493;230430854644;03/08/2023 23:21:16;PP
123716416;A102A31B6B17547F;46493;230430854485;03/08/2023 23:21:18;PP
123716417;A102A31B6B17697F;46493;230430854645;03/08/2023 23:21:20;PP
123716418;A102A31B6B173280;46493;230430854486;03/08/2023 23:21:21;PP
123716419;A102A31B6B174F82;46493;230430854498;03/08/2023 23:21:23;PP
123716420;A102A31B6B173380;46493;230430854487;03/08/2023 23:21:25;PP
123716421;A102A31B6B172F83;46493;230430854459;03/08/2023 23:21:26;PP
123716422;A102A31B6B171982;46493;230430854488;03/08/2023 23:21:28;PP
123716423;A102A31B6B177680;46493;230430854460;03/08/2023 23:21:30;PP
123716424;A102A31B6B171882;46493;230430854489;03/08/2023 23:21:32;PP
123716425;A102A31B6B177580;46493;230430854461;03/08/2023 23:21:33;PP
123716426;A102A31B6B171582;46493;230430854490;03/08/2023 23:21:35;PP
123716427;A102A31B6B173084;46493;230430854462;03/08/2023 23:21:37;PP
123716428;A102A31B6B171782;46493;230430854491;03/08/2023 23:21:38;PP
123716429;A102A31B6B172F84;46493;230430854463;03/08/2023 23:21:40;PP
123716430;A102A31B6B171482;46493;230430854492;03/08/2023 23:21:42;PP
123716431;A102A31B6B172C84;46493;230430854464;03/08/2023 23:21:44;PP
123716432;A102A31B6B171382;46493;230430854493;03/08/2023 23:21:45;PP
123716433;A102A31B6B172B84;46493;230430854465;03/08/2023 23:21:47;PP
123716434;A102A31B6B171181;46493;230430854494;03/08/2023 23:21:49;PP
123716435;A102A31B6B175683;46493;230430854466;03/08/2023 23:21:51;PP
123716436;A102A31B6B171282;46493;230430854495;03/08/2023 23:21:52;PP
123716437;A102A31B6B175783;46493;230430854467;03/08/2023 23:21:54;PP
123716438;A102A31B6B175082;46493;230430854496;03/08/2023 23:21:56;PP
123716439;A102A31B6B175083;46493;230430854468;03/08/2023 23:21:57;PP
123716440;A102A31B6B175182;46493;230430854497;03/08/2023 23:21:59;PP
123716441;A102A31B6B174F83;46493;230430854469;03/08/2023 23:22:01;PP
123716442;A102A31B6B174982;46493;230430854503;03/08/2023 23:22:02;PP
123716443;A102A31B6B170E7C;46493;230430854470;03/08/2023 23:22:04;PP
123716444;A102A31B6B174782;46493;230430854504;03/08/2023 23:22:06;PP
123716445;A102A31B6B170D7C;46493;230430854471;03/08/2023 23:22:08;PP
123716446;A102A31B6B174882;46493;230430854505;03/08/2023 23:22:09;PP
123716447;A102A31B6B17107B;46493;230430854472;03/08/2023 23:22:11;PP
123716448;A102A31B6B174682;46493;230430854506;03/08/2023 23:22:13;PP
123716449;A102A31B6B170F7B;46493;230430854473;03/08/2023 23:22:14;PP
123716450;A102A31B6B174582;46493;230430854507;03/08/2023 23:22:16;PP
123716451;A102A31B6B17117B;46493;230430854474;03/08/2023 23:22:18;PP
123716452;A102A31B6B174382;46493;230430854508;03/08/2023 23:22:19;PP
123716453;A102A31B6B17127B;46493;230430854475;03/08/2023 23:22:21;PP
123716454;A102A31B6B174482;46493;230430854509;03/08/2023 23:22:23;PP
123716455;A102A31B6B17147B;46493;230430854476;03/08/2023 23:22:25;PP
123716456;A102A31B6B174282;46493;230430854510;03/08/2023 23:22:27;PP
123716457;A102A31B6B17137B;46493;230430854477;03/08/2023 23:22:28;PP
123716458;A102A31B6B174182;46493;230430854511;03/08/2023 23:22:30;PP
123716459;A102A31B6B17157B;46493;230430854478;03/08/2023 23:22:32;PP
123716460;A102A31B6B173F82;46493;230430854512;03/08/2023 23:22:33;PP
123716461;A102A31B6B175D7E;46493;230430854549;03/08/2023 23:22:35;PP
123716462;A102A31B6B174082;46493;230430854513;03/08/2023 23:22:37;PP
123716463;A102A31B6B175A7E;46493;230430854550;03/08/2023 23:22:38;PP
123716464;A102A31B6B173E82;46493;230430854514;03/08/2023 23:22:40;PP
123716465;A102A31B6B175C7E;46493;230430854551;03/08/2023 23:22:42;PP
123716466;A102A31B6B173D82;46493;230430854515;03/08/2023 23:22:44;PP
123716467;A102A31B6B17567E;46493;230430854552;03/08/2023 23:22:45;PP
123716468;A102A31B6B173B82;46493;230430854516;03/08/2023 23:22:47;PP
123716469;A102A31B6B17577E;46493;230430854553;03/08/2023 23:22:49;PP
123716470;A102A31B6B173C82;46493;230430854517;03/08/2023 23:22:50;PP
123716471;A102A31B6B17557E;46493;230430854554;03/08/2023 23:22:52;PP
123716472;A102A31B6B173982;46493;230430854518;03/08/2023 23:22:54;PP
123716473;A102A31B6B17537E;46493;230430854555;03/08/2023 23:22:56;PP
123716474;A102A31B6B17167B;46493;230430854479;03/08/2023 23:22:57;PP
123716475;A102A31B6B17517E;46493;230430854556;03/08/2023 23:22:59;PP
123716476;A102A31B6B177182;46493;230430854526;03/08/2023 23:23:01;PP
123716477;A102A31B6B17527E;46493;230430854557;03/08/2023 23:23:03;PP
123716478;A102A31B6B177282;46493;230430854527;03/08/2023 23:23:04;PP
123716479;A102A31B6B17507E;46493;230430854558;03/08/2023 23:23:06;PP
123716480;A102A31B6B17487E;46493;230430854528;03/08/2023 23:23:08;PP
123716481;A102A31B6B174F7E;46493;230430854559;03/08/2023 23:23:09;PP
123716482;A102A31B6B17477E;46493;230430854529;03/08/2023 23:23:11;PP
123716483;A102A31B6B173882;46493;230430854519;03/08/2023 23:23:13;PP
123716484;A102A31B6B17457E;46493;230430854530;03/08/2023 23:23:15;PP
123716485;A102A31B6B172D82;46493;230430854520;03/08/2023 23:23:16;PP
123716486;A102A31B6B171B83;46493;230430854453;03/08/2023 23:23:18;PP
123716487;A102A31B6B172C82;46493;230430854521;03/08/2023 23:23:20;PP
123716488;A102A31B6B17467E;46493;230430854531;03/08/2023 23:23:21;PP
123716489;A102A31B6B172A82;46493;230430854522;03/08/2023 23:23:23;PP
123716490;A102A31B6B17447E;46493;230430854532;03/08/2023 23:23:25;PP
123716491;A102A31B6B172B82;46493;230430854523;03/08/2023 23:23:26;PP
123716492;A102A31B6B17437E;46493;230430854533;03/08/2023 23:23:28;PP
123716493;A102A31B6B171280;46493;230430854524;03/08/2023 23:23:30;PP
123716494;A102A31B6B175577;46493;230430854534;03/08/2023 23:23:32;PP
123716495;A102A31B6B171380;46493;230430854525;03/08/2023 23:23:33;PP
123716496;A102A31B6B175677;46493;230430854535;03/08/2023 23:23:35;PP
123716497;A102A31B6B17667F;46493;230430854560;03/08/2023 23:23:37;PP
123716498;A102A31B6B172977;46493;230430854537;03/08/2023 23:23:39;PP
123716499;A102A31B6B17657F;46493;230430854561;03/08/2023 23:23:40;PP
123716500;A102A31B6B172877;46493;230430854536;03/08/2023 23:23:42;PP
123716501;A102A31B6B17677F;46494;230430854562;03/08/2023 23:23:44;PP
123716502;A102A31B6B174E82;46494;230430854499;03/08/2023 23:23:45;PP
123716503;A102A31B6B17687F;46494;230430854563;03/08/2023 23:23:47;PP
123716504;A102A31B6B174B82;46494;230430854500;03/08/2023 23:23:49;PP
123716505;A102A31B6B174181;46494;230430854564;03/08/2023 23:23:51;PP
123716506;A102A31B6B174C82;46494;230430854501;03/08/2023 23:23:52;PP
123716507;A102A31B6B174081;46494;230430854565;03/08/2023 23:23:54;PP
123716508;A102A31B6B174A82;46494;230430854502;03/08/2023 23:23:56;PP
123716509;A102A31B6B174281;46494;230430854566;03/08/2023 23:23:57;PP
123716510;A102A31B6B171B77;46494;230430854538;03/08/2023 23:23:59;PP
123716511;A102A31B6B174381;46494;230430854567;03/08/2023 23:24:01;PP
123716512;A102A31B6B173881;46494;230430854571;03/08/2023 23:24:02;PP
123716513;A102A31B6B173E81;46494;230430854568;03/08/2023 23:24:05;PP
123716514;A102A31B6B173A81;46494;230430854572;03/08/2023 23:24:06;PP
123716515;A102A31B6B173F81;46494;230430854569;03/08/2023 23:24:08;PP
123716516;A102A31B6B173B81;46494;230430854573;03/08/2023 23:24:10;PP
123716517;A102A31B6B173981;46494;230430854570;03/08/2023 23:24:12;PP
123716518;A102A31B6B173D81;46494;230430854574;03/08/2023 23:24:13;PP
123716519;A102A31B6B17337D;46494;230430854352;03/08/2023 23:24:15;PP
123716520;A102A31B6B173C81;46494;230430854575;03/08/2023 23:24:16;PP
123716521;A102A31B6B17327D;46494;230430854353;03/08/2023 23:24:18;PP
123716522;A102A31B6B17317F;46494;230430854576;03/08/2023 23:24:20;PP
123716523;A102A31B6B173183;46494;230430854354;03/08/2023 23:24:22;PP
123716524;A102A31B6B17307F;46494;230430854577;03/08/2023 23:24:23;PP
123716525;A102A31B6B173283;46494;230430854355;03/08/2023 23:24:25;PP
123716526;A102A31B6B17327F;46494;230430854578;03/08/2023 23:24:27;PP
123716527;A102A31B6B172778;46494;230430854356;03/08/2023 23:24:29;PP
123716528;A102A31B6B177983;46494;230430854540;03/08/2023 23:24:30;PP
123716529;A102A31B6B172878;46494;230430854357;03/08/2023 23:24:32;PP
123716530;A102A31B6B177883;46494;230430854541;03/08/2023 23:24:34;PP
123716531;A102A31B6B172A7C;46494;230430854358;03/08/2023 23:24:35;PP
123716532;A102A31B6B177A83;46494;230430854542;03/08/2023 23:24:37;PP
123716533;A102A31B6B172B7C;46494;230430854359;03/08/2023 23:24:39;PP
123716534;A102A31B6B177982;46494;230430854543;03/08/2023 23:24:41;PP
123716535;A102A31B6B17187B;46494;230430854360;03/08/2023 23:24:42;PP
123716536;A102A31B6B174C7E;46494;230430854544;03/08/2023 23:24:44;PP
123716537;A102A31B6B17177B;46494;230430854361;03/08/2023 23:25:00;PP
123716538;A102A31B6B174B7E;46494;230430854545;03/08/2023 23:25:01;PP
123716539;A102A31B6B17197B;46494;230430854362;03/08/2023 23:25:03;PP
123716540;A102A31B6B17667E;46494;230430854546;03/08/2023 23:25:04;PP
123716541;A102A31B6B171A7B;46494;230430854363;03/08/2023 23:25:06;PP
123716542;A102A31B6B17657E;46494;230430854547;03/08/2023 23:25:08;PP
123716543;A102A31B6B171D7B;46494;230430854364;03/08/2023 23:25:10;PP
123716544;A102A31B6B175E7E;46494;230430854548;03/08/2023 23:25:12;PP
123716545;A102A31B6B171E7B;46494;230430854365;03/08/2023 23:25:13;PP
123716546;A102A31B6B171484;46494;230430854375;03/08/2023 23:25:15;PP
123716547;A102A31B6B171583;46494;230430854366;03/08/2023 23:25:17;PP
123716548;A102A31B6B171283;46494;230430854376;03/08/2023 23:25:18;PP
123716549;A102A31B6B171683;46494;230430854367;03/08/2023 23:25:20;PP
123716550;A102A31B6B171384;46494;230430854377;03/08/2023 23:25:22;PP
123716551;A102A31B6B171883;46494;230430854368;03/08/2023 23:25:23;PP
123716552;A102A31B6B171383;46494;230430854378;03/08/2023 23:25:25;PP
123716553;A102A31B6B171783;46494;230430854369;03/08/2023 23:25:27;PP
123716554;A102A31B6B171483;46494;230430854379;03/08/2023 23:25:29;PP
123716555;A102A31B6B171983;46494;230430854370;03/08/2023 23:25:30;PP
123716556;A102A31B6B172582;46494;230430854380;03/08/2023 23:25:32;PP
123716557;A102A31B6B172884;46494;230430854398;03/08/2023 23:25:34;PP
123716558;A102A31B6B172482;46494;230430854381;03/08/2023 23:25:36;PP
123716559;A102A31B6B172684;46494;230430854399;03/08/2023 23:25:37;PP
123716560;A102A31B6B172282;46494;230430854382;03/08/2023 23:25:39;PP
123716561;A102A31B6B173682;46494;230430854400;03/08/2023 23:25:41;PP
123716562;A102A31B6B172382;46494;230430854383;03/08/2023 23:25:42;PP
123716563;A102A31B6B173782;46494;230430854401;03/08/2023 23:25:44;PP
123716564;A102A31B6B173984;46494;230430854384;03/08/2023 23:25:46;PP
123716565;A102A31B6B174D7D;46494;230430854345;03/08/2023 23:25:48;PP
123716566;A102A31B6B173A84;46494;230430854385;03/08/2023 23:25:49;PP
123716567;A102A31B6B17387D;46494;230430854346;03/08/2023 23:25:51;PP
123716568;A102A31B6B173884;46494;230430854386;03/08/2023 23:25:53;PP
123716569;A102A31B6B173582;46494;230430854402;03/08/2023 23:25:54;PP
123716570;A102A31B6B173784;46494;230430854387;03/08/2023 23:25:56;PP
123716571;A102A31B6B173482;46494;230430854403;03/08/2023 23:25:58;PP
123716572;A102A31B6B173584;46494;230430854388;03/08/2023 23:25:59;PP
123716573;A102A31B6B173282;46494;230430854404;03/08/2023 23:26:01;PP
123716574;A102A31B6B173684;46494;230430854389;03/08/2023 23:26:03;PP
123716575;A102A31B6B173382;46494;230430854405;03/08/2023 23:26:05;PP
123716576;A102A31B6B173484;46494;230430854390;03/08/2023 23:26:06;PP
123716577;A102A31B6B176183;46494;230430854406;03/08/2023 23:26:08;PP
123716578;A102A31B6B173384;46494;230430854391;03/08/2023 23:26:10;PP
123716579;A102A31B6B176083;46494;230430854407;03/08/2023 23:26:12;PP
123716580;A102A31B6B17417D;46494;230430854351;03/08/2023 23:26:13;PP
123716581;A102A32EF5043167;46494;230430854408;03/08/2023 23:26:15;PP
123716582;A102A31B6B171B82;46494;230430854417;03/08/2023 23:26:17;PP
123716583;A102A32EF5042469;46494;230430854409;03/08/2023 23:26:19;PP
123716584;A102A31B6B17497B;46494;230430854418;03/08/2023 23:26:20;PP
123716585;A102A31B6B171884;46494;230430854372;03/08/2023 23:26:22;PP
123716586;A102A31B6B17487B;46494;230430854419;03/08/2023 23:26:24;PP
123716587;A102A31B6B171984;46494;230430854373;03/08/2023 23:26:26;PP
123716588;A102A31B6B174A7B;46494;230430854420;03/08/2023 23:26:27;PP
123716589;A102A31B6B171684;46494;230430854374;03/08/2023 23:26:29;PP
123716590;A102A31B6B174B7B;46494;230430854421;03/08/2023 23:26:31;PP
123716591;A102A31B6B173E7C;46494;230430854440;03/08/2023 23:26:32;PP
123716592;A102A31B6B17467B;46494;230430854422;03/08/2023 23:26:34;PP
123716593;A102A31B6B173F7C;46494;230430854441;03/08/2023 23:26:36;PP
123716594;A102A31B6B17477B;46494;230430854423;03/08/2023 23:26:38;PP
123716595;A102A31B6B17427B;46494;230430854442;03/08/2023 23:26:39;PP
123716596;A102A31B6B17807A;46494;230430854424;03/08/2023 23:26:41;PP
123716597;A102A31B6B17437B;46494;230430854443;03/08/2023 23:26:43;PP
123716598;A102A31B6B177F7A;46494;230430854425;03/08/2023 23:26:44;PP
123716599;A102A31B6B17457B;46494;230430854444;03/08/2023 23:26:46;PP
123716600;A102A31B6B175B7F;46494;230430854426;03/08/2023 23:26:48;PP
123716601;A102A31B6B17447B;46495;230430854445;03/08/2023 23:26:49;PP
123716602;A102A31B6B175C7F;46495;230430854427;03/08/2023 23:26:51;PP
123716603;A102A31B6B171C7B;46495;230430854446;03/08/2023 23:26:53;PP
123716604;A102A31B6B17177E;46495;230430854428;03/08/2023 23:26:55;PP
123716605;A102A31B6B171B7B;46495;230430854447;03/08/2023 23:26:57;PP
123716606;A102A31B6B17187E;46495;230430854429;03/08/2023 23:26:58;PP
123716607;A102A31B6B171D81;46495;230430854448;03/08/2023 23:27:00;PP
123716608;A102A31B6B171A7E;46495;230430854430;03/08/2023 23:27:02;PP
123716609;A102A31B6B171C81;46495;230430854449;03/08/2023 23:27:03;PP
123716610;A102A31B6B173184;46495;230430854392;03/08/2023 23:27:05;PP
123716611;A102A31B6B171E81;46495;230430854450;03/08/2023 23:27:07;PP
123716612;A102A31B6B173284;46495;230430854393;03/08/2023 23:27:08;PP
123716613;A102A31B6B171F81;46495;230430854451;03/08/2023 23:27:10;PP
123716614;A102A31B6B172D84;46495;230430854394;03/08/2023 23:27:12;PP
123716615;A102A31B6B171C83;46495;230430854452;03/08/2023 23:27:14;PP
123716616;A102A31B6B172E84;46495;230430854395;03/08/2023 23:27:16;PP
123716617;A102A32EF5042369;46495;230430854411;03/08/2023 23:27:17;PP
123716618;A102A31B6B172984;46495;230430854396;03/08/2023 23:27:19;PP
123716619;A102A31B6B172182;46495;230430854412;03/08/2023 23:27:21;PP
123716620;A102A31B6B172A84;46495;230430854397;03/08/2023 23:27:22;PP
123716621;A102A31B6B172082;46495;230430854413;03/08/2023 23:27:24;PP
123716622;A102A31B6B171F77;46495;230430854104;03/08/2023 23:27:26;PP
123716623;A102A31B6B171D82;46495;230430854414;03/08/2023 23:27:27;PP
123716624;A102A31B6B171E77;46495;230430854105;03/08/2023 23:27:29;PP
123716625;A102A31B6B171C82;46495;230430854415;03/08/2023 23:27:31;PP
123716626;A102A31B6B172E77;46495;230430854117;03/08/2023 23:27:33;PP
123716627;A102A31B6B171A82;46495;230430854416;03/08/2023 23:27:34;PP
123716628;A102A31B6B18361E;46495;230430854263;03/08/2023 23:27:36;PP
123716629;A102A31B6B17657C;46495;230430854257;03/08/2023 23:27:38;PP
123716630;A102A31B6B17197E;46495;230430854431;03/08/2023 23:27:39;PP
123716631;A102A31B6B172A7D;46495;230430854217;03/08/2023 23:27:41;PP
123716632;A102A31B6B171B7E;46495;230430854432;03/08/2023 23:27:43;PP
123716633;A102A31B6B171F7D;46495;230430854218;03/08/2023 23:27:45;PP
123716634;A102A31B6B17397D;46495;230430854347;03/08/2023 23:27:46;PP
123716635;A102A31B6B171E7D;46495;230430854219;03/08/2023 23:27:48;PP
123716636;A102A31B6B174B7D;46495;230430854348;03/08/2023 23:27:50;PP
123716637;A102A31B6B17177D;46495;230430854220;03/08/2023 23:27:52;PP
123716638;A102A31B6B174A7D;46495;230430854349;03/08/2023 23:27:53;PP
123716639;A102A31B6B17197D;46495;230430854221;03/08/2023 23:27:55;PP
123716640;A102A31B6B17407D;46495;230430854350;03/08/2023 23:27:57;PP
123716641;A102A31B6B171B7D;46495;230430854222;03/08/2023 23:27:58;PP
123716642;A102A31B6B171C7E;46495;230430854433;03/08/2023 23:28:00;PP
123716643;A102A31B6B171A7D;46495;230430854223;03/08/2023 23:28:02;PP
123716644;A102A31B6B171D7C;46495;230430854434;03/08/2023 23:28:04;PP
123716645;A102A31B6B17127D;46495;230430854224;03/08/2023 23:28:05;PP
123716646;A102A31B6B171C7C;46495;230430854435;03/08/2023 23:28:07;PP
123716647;A102A31B6B17117D;46495;230430854225;03/08/2023 23:28:09;PP
123716648;A102A31B6B17327C;46495;230430854436;03/08/2023 23:28:10;PP
123716649;A102A31B6B17167D;46495;230430854226;03/08/2023 23:28:12;PP
123716650;A102A31B6B17337C;46495;230430854437;03/08/2023 23:28:14;PP
123716651;A102A31B6B17157D;46495;230430854227;03/08/2023 23:28:16;PP
123716652;A102A31B6B17367C;46495;230430854438;03/08/2023 23:28:17;PP
123716653;A102A31B6B17117E;46495;230430854228;03/08/2023 23:28:19;PP
123716654;A102A31B6B17377C;46495;230430854439;03/08/2023 23:28:21;PP
123716655;A102A31B6B17107E;46495;230430854229;03/08/2023 23:28:23;PP
123716656;A102A31B6B17637C;46495;230430854258;03/08/2023 23:28:24;PP
123716657;A102A31B6B171C7D;46495;230430854230;03/08/2023 23:28:26;PP
123716658;A102A31B6B17627C;46495;230430854259;03/08/2023 23:28:28;PP
123716659;A102A31B6B171D7D;46495;230430854231;03/08/2023 23:28:29;PP
123716660;A102A31B6B175B7C;46495;230430854260;03/08/2023 23:28:31;PP
123716661;A102A31B6B17587E;46495;230430854232;03/08/2023 23:28:33;PP
123716662;A102A31B6B175C7C;46495;230430854261;03/08/2023 23:28:34;PP
123716663;A102A31B6B173C7E;46495;230430854233;03/08/2023 23:28:36;PP
123716664;A102A31B6B18371E;46495;230430854262;03/08/2023 23:28:38;PP
123716665;A102A31B6B171E7E;46495;230430854234;03/08/2023 23:28:40;PP
123716666;A102A32EF5042269;46495;230430854410;03/08/2023 23:28:42;PP
123716667;A102A31B6B171D7E;46495;230430854235;03/08/2023 23:28:43;PP
123716668;A102A31B6B173077;46495;230430854114;03/08/2023 23:28:45;PP
123716669;A102A31B6B171F7E;46495;230430854236;03/08/2023 23:28:47;PP
123716670;A102A31B6B173177;46495;230430854115;03/08/2023 23:28:48;PP
123716671;A102A31B6B183D1E;46495;230430854269;03/08/2023 23:28:50;PP
123716672;A102A31B6B172F77;46495;230430854116;03/08/2023 23:28:52;PP
123716673;A102A31B6B183F1E;46495;230430854270;03/08/2023 23:28:53;PP
123716674;A102A31B6B173577;46495;230430854113;03/08/2023 23:28:55;PP
123716675;A102A31B6B183E1E;46495;230430854271;03/08/2023 23:28:57;PP
123716676;A102A32EF5046D68;46495;230430854239;03/08/2023 23:28:59;PP
123716677;A102A31B6B18401E;46495;230430854272;03/08/2023 23:29:00;PP
123716678;A102A32EF5044A68;46495;230430854240;03/08/2023 23:29:02;PP
123716679;A102A31B6B18411E;46495;230430854273;03/08/2023 23:29:04;PP
123716680;A102A32EF5044968;46495;230430854241;03/08/2023 23:29:05;PP
123716681;A102A31B6B18431E;46495;230430854274;03/08/2023 23:29:07;PP
123716682;A102A31B6B17747D;46495;230430854242;03/08/2023 23:29:09;PP
123716683;A102A31B6B18421E;46495;230430854275;03/08/2023 23:30:22;PP
123716684;A102A31B6B17737D;46495;230430854243;03/08/2023 23:30:24;PP
123716685;A102A31B6B18731F;46495;230430854276;03/08/2023 23:30:25;PP
123716686;A102A31B6B17757D;46495;230430854244;03/08/2023 23:30:27;PP
123716687;A102A31B6B18741F;46495;230430854277;03/08/2023 23:30:29;PP
123716688;A102A31B6B17767D;46495;230430854245;03/08/2023 23:30:30;PP
123716689;A102A31B6B194907;46495;230430854278;03/08/2023 23:30:32;PP
123716690;A102A31B6B17537D;46495;230430854246;03/08/2023 23:30:34;PP
123716691;A102A31B6B194A07;46495;230430854279;03/08/2023 23:30:36;PP
123716692;A102A31B6B17527D;46495;230430854247;03/08/2023 23:30:37;PP
123716693;A102A31B6B17297C;46495;230430854280;03/08/2023 23:30:39;PP
123716694;A102A31B6B176C7C;46495;230430854248;03/08/2023 23:30:41;PP
123716695;A102A31B6B17287C;46495;230430854281;03/08/2023 23:30:43;PP
123716696;A102A31B6B176D7C;46495;230430854249;03/08/2023 23:30:44;PP
123716697;A102A31B6B173E7B;46495;230430854282;03/08/2023 23:30:46;PP
123716698;A102A31B6B176B7C;46495;230430854250;03/08/2023 23:30:48;PP
123716699;A102A31B6B173F7B;46495;230430854283;03/08/2023 23:30:49;PP
123716700;A102A31B6B176A7C;46495;230430854251;03/08/2023 23:30:51;PP
123716701;A102A31B6B176478;46496;230430854284;03/08/2023 23:30:53;PP
123716702;A102A31B6B17687C;46496;230430854252;03/08/2023 23:30:54;PP
123716703;A102A31B6B176578;46496;230430854285;03/08/2023 23:30:56;PP
123716704;A102A31B6B17697C;46496;230430854253;03/08/2023 23:30:58;PP
123716705;A102A32EF5046C68;46496;230430854238;03/08/2023 23:31:00;PP
123716706;A102A31B6B17677C;46496;230430854254;03/08/2023 23:31:02;PP
123716707;A102A32EF5046368;46496;230430854310;03/08/2023 23:31:03;PP
123716708;A102A31B6B17667C;46496;230430854255;03/08/2023 23:31:05;PP
123716709;A102A32EF5046268;46496;230430854311;03/08/2023 23:31:07;PP
123716710;A102A31B6B17647C;46496;230430854256;03/08/2023 23:31:08;PP
123716711;A102A32EF5046468;46496;230430854312;03/08/2023 23:31:10;PP
123716712;A102A31B6B177479;46496;230430854291;03/08/2023 23:31:12;PP
123716713;A102A32EF5046568;46496;230430854313;03/08/2023 23:31:13;PP
123716714;A102A31B6B185D1C;46496;230430854292;03/08/2023 23:31:15;PP
123716715;A102A32EF5046768;46496;230430854314;03/08/2023 23:31:17;PP
123716716;A102A31B6B185E1C;46496;230430854293;03/08/2023 23:31:19;PP
123716717;A102A32EF5046668;46496;230430854315;03/08/2023 23:31:20;PP
123716718;A102A31B6B18601C;46496;230430854294;03/08/2023 23:31:22;PP
123716719;A102A32EF5046868;46496;230430854316;03/08/2023 23:31:24;PP
123716720;A102A31B6B185F1C;46496;230430854295;03/08/2023 23:31:25;PP
123716721;A102A32EF5046968;46496;230430854317;03/08/2023 23:31:27;PP
123716722;A102A31B6B18381E;46496;230430854264;03/08/2023 23:31:29;PP
123716723;A102A32EF5046B68;46496;230430854318;03/08/2023 23:31:31;PP
123716724;A102A31B6B18391E;46496;230430854265;03/08/2023 23:31:32;PP
123716725;A102A32EF5046A68;46496;230430854319;03/08/2023 23:31:34;PP
123716726;A102A31B6B18611C;46496;230430854296;03/08/2023 23:31:36;PP
123716727;A102A31B6B17367E;46496;230430854320;03/08/2023 23:31:38;PP
123716728;A102A31B6B18621C;46496;230430854297;03/08/2023 23:31:39;PP
123716729;A102A31B6B17377E;46496;230430854321;03/08/2023 23:31:41;PP
123716730;A102A31B6B18641E;46496;230430854298;03/08/2023 23:31:43;PP
123716731;A102A31B6B17327E;46496;230430854322;03/08/2023 23:31:44;PP
123716732;A102A31B6B18651E;46496;230430854299;03/08/2023 23:31:46;PP
123716733;A102A31B6B17337E;46496;230430854323;03/08/2023 23:31:48;PP
123716734;A102A31B6B18671E;46496;230430854300;03/08/2023 23:31:49;PP
123716735;A102A31B6B17317E;46496;230430854324;03/08/2023 23:31:51;PP
123716736;A102A31B6B18661E;46496;230430854301;03/08/2023 23:31:53;PP
123716737;A102A31B6B193B24;46496;230430854286;03/08/2023 23:31:55;PP
123716738;A102A31B6B18681E;46496;230430854302;03/08/2023 23:31:56;PP
123716739;A102A31B6B193C24;46496;230430854287;03/08/2023 23:31:58;PP
123716740;A102A31B6B18691E;46496;230430854303;03/08/2023 23:32:00;PP
123716741;A102A31B6B177D77;46496;230430854288;03/08/2023 23:32:01;PP
123716742;A102A31B6B183B1E;46496;230430854266;03/08/2023 23:32:03;PP
123716743;A102A31B6B177C77;46496;230430854289;03/08/2023 23:32:05;PP
123716744;A102A31B6B183A1E;46496;230430854267;03/08/2023 23:32:07;PP
123716745;A102A31B6B177379;46496;230430854290;03/08/2023 23:32:08;PP
123716746;A102A31B6B183C1E;46496;230430854268;03/08/2023 23:32:10;PP
123716747;A102A31B6B172E7E;46496;230430854327;03/08/2023 23:32:12;PP
123716748;A102A31B6B173F7D;46496;230430854336;03/08/2023 23:32:13;PP
123716749;A102A31B6B17157E;46496;230430854328;03/08/2023 23:32:15;PP
123716750;A102A31B6B173E7D;46496;230430854337;03/08/2023 23:32:17;PP
123716751;A102A31B6B17147E;46496;230430854329;03/08/2023 23:32:18;PP
123716752;A102A31B6B17437D;46496;230430854338;03/08/2023 23:32:20;PP
123716753;A102A31B6B17127E;46496;230430854330;03/08/2023 23:32:22;PP
123716754;A102A31B6B17427D;46496;230430854339;03/08/2023 23:32:24;PP
123716755;A102A31B6B17137E;46496;230430854331;03/08/2023 23:32:25;PP
123716756;A102A31B6B17447D;46496;230430854340;03/08/2023 23:32:27;PP
123716757;A102A31B6B17347D;46496;230430854332;03/08/2023 23:32:29;PP
123716758;A102A31B6B17457D;46496;230430854341;03/08/2023 23:32:31;PP
123716759;A102A31B6B17357D;46496;230430854333;03/08/2023 23:32:32;PP
123716760;A102A31B6B17477D;46496;230430854342;03/08/2023 23:32:34;PP
123716761;A102A31B6B173C7D;46496;230430854334;03/08/2023 23:32:36;PP
123716762;A102A31B6B17467D;46496;230430854343;03/08/2023 23:32:37;PP
123716763;A102A31B6B173D7D;46496;230430854335;03/08/2023 23:32:39;PP
123716764;A102A31B6B174C7D;46496;230430854344;03/08/2023 23:32:41;PP
123716765;A102A31B6B172D7E;46496;230430854326;03/08/2023 23:32:43;PP
123716766;A102A31B6B186A1E;46496;230430854305;03/08/2023 23:32:44;PP
123716767;A102A31B6B195D0B;46496;230632508790;03/08/2023 23:32:46;PP
123716768;A102A31B6B18261F;46496;230430854306;03/08/2023 23:32:48;PP
123716769;A102A31B6B195F0B;46496;230632508791;03/08/2023 23:32:49;PP
123716770;A102A31B6B18271F;46496;230430854307;03/08/2023 23:32:51;PP
123716771;A102A31B6B195E0B;46496;230632508792;03/08/2023 23:32:53;PP
123716772;A102A32EF5046068;46496;230430854308;03/08/2023 23:32:54;PP
123716773;A102A31B6B19600B;46496;230632508793;03/08/2023 23:32:56;PP
123716774;A102A32EF5046168;46496;230430854309;03/08/2023 23:32:58;PP
123716775;A102A31B6B19610B;46496;230632508794;03/08/2023 23:33:00;PP
123716776;A102A31B6B172F7E;46496;230430854325;03/08/2023 23:33:01;PP
123716777;A102A31B6B196E15;46496;230632508795;03/08/2023 23:33:03;PP
123716778;A102A31B6B19550E;46496;230632508766;03/08/2023 23:33:05;PP
123716779;A102A31B6B196F15;46496;230632508796;03/08/2023 23:33:06;PP
123716780;A102A31B6B19530E;46496;230632508767;03/08/2023 23:33:08;PP
123716781;A102A31B6B19300A;46496;230632508797;03/08/2023 23:33:10;PP
123716782;A102A31B6B19540E;46496;230632508768;03/08/2023 23:33:11;PP
123716783;A102A31B6B19310A;46496;230632508798;03/08/2023 23:33:13;PP
123716784;A102A31B6B19520E;46496;230632508769;03/08/2023 23:33:15;PP
123716785;A102A31B6B19420E;46496;230632508799;03/08/2023 23:33:17;PP
123716786;A102A31B6B19510E;46496;230632508770;03/08/2023 23:33:18;PP
123716787;A102A31B6B19410E;46496;230632508800;03/08/2023 23:33:20;PP
123716788;A102A31B6B194F0E;46496;230632508771;03/08/2023 23:33:22;PP
123716789;A102A31B6B193F0E;46496;230632508801;03/08/2023 23:33:24;PP
123716790;A102A31B6B19500E;46496;230632508772;03/08/2023 23:33:25;PP
123716791;A102A31B6B19400E;46496;230632508802;03/08/2023 23:33:27;PP
123716792;A102A31B6B19580F;46496;230632508773;03/08/2023 23:33:28;PP
123716793;A102A31B6B193E0E;46496;230632508803;03/08/2023 23:33:30;PP
123716794;A102A31B6B19570F;46496;230632508774;03/08/2023 23:33:32;PP
123716795;A102A31B6B193D0E;46496;230632508804;03/08/2023 23:33:34;PP
123716796;A102A31B6B19590F;46496;230632508775;03/08/2023 23:33:36;PP
123716797;A102A31B6B193A0E;46496;230632508805;03/08/2023 23:33:37;PP
123716798;A102A31B6B195A0F;46496;230632508776;03/08/2023 23:33:39;PP
123716799;A102A31B6B19380F;46496;230632508778;03/08/2023 23:33:41;PP
123716800;A102A31B6B19370F;46496;230632508777;03/08/2023 23:33:42;PP
123716801;A102A31B6B193A0F;46497;230632508779;03/08/2023 23:33:44;PP
123716802;A102A31B6B19390F;46497;230632508780;03/08/2023 23:33:46;PP
123716803;A102A31B6B193514;46497;230632508832;03/08/2023 23:33:48;PP
123716804;A102A31B6B193B0F;46497;230632508781;03/08/2023 23:33:49;PP
123716805;A102A31B6B195714;46497;230632508833;03/08/2023 23:33:51;PP
123716806;A102A31B6B193C0F;46497;230632508782;03/08/2023 23:33:53;PP
123716807;A102A31B6B195614;46497;230632508834;03/08/2023 23:33:55;PP
123716808;A102A31B6B193A5C;46497;230632508783;03/08/2023 23:33:56;PP
123716809;A102A31B6B19370A;46497;230632508835;03/08/2023 23:33:58;PP
123716810;A102A31B6B19395C;46497;230632508784;03/08/2023 23:34:00;PP
123716811;A102A31B6B19360A;46497;230632508836;03/08/2023 23:34:01;PP
123716812;A102A31B6B19580B;46497;230632508785;03/08/2023 23:34:03;PP
123716813;A102A31B6B19450A;46497;230632508837;03/08/2023 23:34:05;PP
123716814;A102A31B6B19680E;46497;230632508810;03/08/2023 23:34:07;PP
123716815;A102A31B6B19460A;46497;230632508838;03/08/2023 23:34:08;PP
123716816;A102A31B6B19660E;46497;230632508811;03/08/2023 23:34:10;PP
123716817;A102A31B6B19580A;46497;230632508839;03/08/2023 23:34:12;PP
123716818;A102A31B6B19670E;46497;230632508812;03/08/2023 23:34:13;PP
123716819;A102A31B6B19570A;46497;230632508840;03/08/2023 23:34:15;PP
123716820;A102A31B6B19650E;46497;230632508813;03/08/2023 23:34:17;PP
123716821;A102A31B6B195D0A;46497;230632508841;03/08/2023 23:34:19;PP
123716822;A102A31B6B19620E;46497;230632508814;03/08/2023 23:34:20;PP
123716823;A102A31B6B195E0A;46497;230632508842;03/08/2023 23:34:22;PP
123716824;A102A31B6B19600E;46497;230632508815;03/08/2023 23:34:24;PP
123716825;A102A31B6B196113;46497;230632508843;03/08/2023 23:34:25;PP
123716826;A102A31B6B19610E;46497;230632508816;03/08/2023 23:34:27;PP
123716827;A102A31B6B195F13;46497;230632508844;03/08/2023 23:34:29;PP
123716828;A102A31B6B194D0F;46497;230632508817;03/08/2023 23:34:31;PP
123716829;A102A31B6B196213;46497;230632508845;03/08/2023 23:34:32;PP
123716830;A102A31B6B194E0F;46497;230632508818;03/08/2023 23:34:34;PP
123716831;A102A31B6B193C0E;46497;230632508806;03/08/2023 23:34:36;PP
123716832;A102A31B6B19500F;46497;230632508819;03/08/2023 23:34:37;PP
123716833;A102A31B6B19390E;46497;230632508807;03/08/2023 23:34:39;PP
123716834;A102A31B6B194F0F;46497;230632508820;03/08/2023 23:34:41;PP
123716835;A102A31B6B19380E;46497;230632508808;03/08/2023 23:34:43;PP
123716836;A102A31B6B196014;46497;230632508821;03/08/2023 23:34:44;PP
123716837;A102A31B6B19690E;46497;230632508809;03/08/2023 23:34:46;PP
123716838;A102A31B6B196114;46497;230632508822;03/08/2023 23:34:48;PP
123716839;A102A31B6B19620C;46497;230632508864;03/08/2023 23:34:49;PP
123716840;A102A31B6B19420F;46497;230632508823;03/08/2023 23:34:51;PP
123716841;A102A31B6B195C0C;46497;230632508865;03/08/2023 23:34:53;PP
123716842;A102A31B6B19410F;46497;230632508824;03/08/2023 23:34:54;PP
123716843;A102A31B6B195B0C;46497;230632508866;03/08/2023 23:34:56;PP
123716844;A102A31B6B19430F;46497;230632508825;03/08/2023 23:34:58;PP
123716845;A102A31B6B19510A;46497;230632508867;03/08/2023 23:35:00;PP
123716846;A102A31B6B19590B;46497;230632508786;03/08/2023 23:35:02;PP
123716847;A102A31B6B19520A;46497;230632508868;03/08/2023 23:35:03;PP
123716848;A102A31B6B195B0B;46497;230632508787;03/08/2023 23:35:05;PP
123716849;A102A31B6B194D0A;46497;230632508869;03/08/2023 23:35:07;PP
123716850;A102A31B6B195A0B;46497;230632508788;03/08/2023 23:35:08;PP
123716851;A102A31B6B194E0A;46497;230632508870;03/08/2023 23:35:10;PP
123716852;A102A31B6B195C0B;46497;230632508789;03/08/2023 23:35:12;PP
123716853;A102A31B6B194C0A;46497;230632508871;03/08/2023 23:35:13;PP
123716854;A102A31B6B195212;46497;230632508854;03/08/2023 23:35:15;PP
123716855;A102A31B6B194B0A;46497;230632508872;03/08/2023 23:35:17;PP
123716856;A102A31B6B193C12;46497;230632508855;03/08/2023 23:35:19;PP
123716857;A102A31B6B19490A;46497;230632508873;03/08/2023 23:35:20;PP
123716858;A102A31B6B193D12;46497;230632508856;03/08/2023 23:35:22;PP
123716859;A102A31B6B194A0A;46497;230632508874;03/08/2023 23:35:24;PP
123716860;A102A31B6B196A0D;46497;230632508857;03/08/2023 23:35:25;PP
123716861;A102A31B6B19480A;46497;230632508875;03/08/2023 23:35:27;PP
123716862;A102A31B6B19670C;46497;230632508858;03/08/2023 23:35:29;PP
123716863;A102A31B6B196C11;46497;230632509106;03/08/2023 23:35:31;PP
123716864;A102A31B6B19650C;46497;230632508859;03/08/2023 23:35:32;PP
123716865;A102A31B6B196E11;46497;230632509107;03/08/2023 23:35:34;PP
123716866;A102A31B6B19660C;46497;230632508860;03/08/2023 23:35:36;PP
123716867;A102A31B6B196D11;46497;230632509108;03/08/2023 23:35:38;PP
123716868;A102A31B6B19640C;46497;230632508861;03/08/2023 23:35:39;PP
123716869;A102A31B6B196F11;46497;230632509109;03/08/2023 23:35:41;PP
123716870;A102A31B6B19630C;46497;230632508862;03/08/2023 23:35:42;PP
123716871;A102A31B6B196E10;46497;230632509110;03/08/2023 23:35:44;PP
123716872;A102A31B6B19610C;46497;230632508863;03/08/2023 23:35:46;PP
123716873;A102A31B6B19590C;46497;230632509111;03/08/2023 23:35:48;PP
123716874;A102A31B6B197215;46497;230632508505;03/08/2023 23:35:49;PP
123716875;A102A31B6B195A0C;46497;230632509112;03/08/2023 23:35:51;PP
123716876;A102A31B6B197315;46497;230632508506;03/08/2023 23:35:53;PP
123716877;A102A31B6B192B0F;46497;230632509113;03/08/2023 23:35:55;PP
123716878;A102A31B6B19440F;46497;230632508826;03/08/2023 23:35:56;PP
123716879;A102A31B6B192C0F;46497;230632509114;03/08/2023 23:35:58;PP
123716880;A102A31B6B19460F;46497;230632508827;03/08/2023 23:36:00;PP
123716881;A102A31B6B192410;46497;230632509115;03/08/2023 23:36:01;PP
123716882;A102A31B6B19450F;46497;230632508828;03/08/2023 23:36:03;PP
123716883;A102A31B6B192510;46497;230632509116;03/08/2023 23:36:05;PP
123716884;A102A31B6B192113;46497;230632508829;03/08/2023 23:36:07;PP
123716885;A102A31B6B195813;46497;230632509117;03/08/2023 23:36:08;PP
123716886;A102A31B6B19470F;46497;230632508830;03/08/2023 23:36:10;PP
123716887;A102A31B6B195713;46497;230632509118;03/08/2023 23:36:12;PP
123716888;A102A31B6B193414;46497;230632508831;03/08/2023 23:36:14;PP
123716889;A102A31B6B19600A;46497;230632509119;03/08/2023 23:36:15;PP
123716890;A102A31B6B19470A;46497;230632508876;03/08/2023 23:36:17;PP
123716891;A102A31B6B195F0A;46497;230632509120;03/08/2023 23:36:19;PP
123716892;A102A31B6B192310;46497;230632508877;03/08/2023 23:36:20;PP
123716893;A102A31B6B19640A;46497;230632509121;03/08/2023 23:36:22;PP
123716894;A102A31B6B192210;46497;230632508878;03/08/2023 23:36:24;PP
123716895;A102A31B6B19630A;46497;230632509122;03/08/2023 23:36:26;PP
123716896;A102A31B6B192010;46497;230632508879;03/08/2023 23:36:27;PP
123716897;A102A31B6B19650A;46497;230632509123;03/08/2023 23:36:29;PP
123716898;A102A31B6B192110;46497;230632508880;03/08/2023 23:36:31;PP
123716899;A102A31B6B195D13;46497;230632509153;03/08/2023 23:36:33;PP
123716900;A102A31B6B191F10;46497;230632508881;03/08/2023 23:36:34;PP
123716901;A102A31B6B195E13;46498;230632509154;03/08/2023 23:36:36;PP
123716902;A102A31B6B19200F;46498;230632508882;03/08/2023 23:36:38;PP
123716903;A102A31B6B195C13;46498;230632509155;03/08/2023 23:36:39;PP
123716904;A102A31B6B19220F;46498;230632508883;03/08/2023 23:36:41;PP
123716905;A102A31B6B195B13;46498;230632509156;03/08/2023 23:36:43;PP
123716906;A102A31B6B196313;46498;230632508846;03/08/2023 23:36:45;PP
123716907;A102A31B6B196B10;46498;230632509157;03/08/2023 23:36:46;PP
123716908;A102A31B6B196012;46498;230632508847;03/08/2023 23:36:48;PP
123716909;A102A31B6B196A10;46498;230632509158;03/08/2023 23:36:50;PP
123716910;A102A31B6B196112;46498;230632508848;03/08/2023 23:36:51;PP
123716911;A102A31B6B196C10;46498;230632509159;03/08/2023 23:36:53;PP
123716912;A102A31B6B196513;46498;230632508849;03/08/2023 23:36:55;PP
123716913;A102A31B6B196D10;46498;230632509160;03/08/2023 23:36:57;PP
123716914;A102A31B6B196413;46498;230632508850;03/08/2023 23:36:58;PP
123716915;A102A31B6B194070;46498;230632509161;03/08/2023 23:37:00;PP
123716916;A102A31B6B195412;46498;230632508851;03/08/2023 23:37:02;PP
123716917;A102A31B6B194170;46498;230632509162;03/08/2023 23:37:04;PP
123716918;A102A31B6B195512;46498;230632508852;03/08/2023 23:37:05;PP
123716919;A102A31B6B192470;46498;230632509163;03/08/2023 23:37:07;PP
123716920;A102A31B6B195312;46498;230632508853;03/08/2023 23:37:08;PP
123716921;A102A31B6B192570;46498;230632509164;03/08/2023 23:37:10;PP
123716922;A102A31B6B193F0C;46498;230632509129;03/08/2023 23:37:12;PP
123716923;A102A31B6B195210;46498;230632509165;03/08/2023 23:37:14;PP
123716924;A102A31B6B19400C;46498;230632509131;03/08/2023 23:37:15;PP
123716925;A102A31B6B19470C;46498;230632509135;03/08/2023 23:37:17;PP
123716926;A102A31B6B19410C;46498;230632509132;03/08/2023 23:37:19;PP
123716927;A102A31B6B19460C;46498;230632509136;03/08/2023 23:37:21;PP
123716928;A102A31B6B19430C;46498;230632509133;03/08/2023 23:37:22;PP
123716929;A102A31B6B193D0C;46498;230632509128;03/08/2023 23:37:24;PP
123716930;A102A31B6B19420C;46498;230632509134;03/08/2023 23:37:26;PP
123716931;A102A31B6B195209;46498;230632509177;03/08/2023 23:37:27;PP
123716932;A102A31B6B193E0C;46498;230632509130;03/08/2023 23:37:29;PP
123716933;A102A31B6B195309;46498;230632509178;03/08/2023 23:37:31;PP
123716934;A102A31B6B195B12;46498;230632509137;03/08/2023 23:37:33;PP
123716935;A102A31B6B195109;46498;230632509179;03/08/2023 23:37:34;PP
123716936;A102A31B6B195A12;46498;230632509138;03/08/2023 23:37:36;PP
123716937;A102A31B6B195009;46498;230632509180;03/08/2023 23:37:38;PP
123716938;A102A31B6B195C12;46498;230632509139;03/08/2023 23:37:39;PP
123716939;A102A31B6B194E09;46498;230632509181;03/08/2023 23:37:41;PP
123716940;A102A31B6B195D12;46498;230632509140;03/08/2023 23:37:43;PP
123716941;A102A31B6B194F09;46498;230632509182;03/08/2023 23:37:45;PP
123716942;A102A31B6B195F12;46498;230632509141;03/08/2023 23:37:46;PP
123716943;A102A31B6B194D09;46498;230632509183;03/08/2023 23:37:48;PP
123716944;A102A31B6B195E12;46498;230632509142;03/08/2023 23:37:50;PP
123716945;A102A31B6B194C09;46498;230632509184;03/08/2023 23:37:52;PP
123716946;A102A31B6B194812;46498;230632509143;03/08/2023 23:37:53;PP
123716947;A102A31B6B194409;46498;230632509185;03/08/2023 23:37:55;PP
123716948;A102A31B6B194912;46498;230632509144;03/08/2023 23:37:57;PP
123716949;A102A31B6B194309;46498;230632509186;03/08/2023 23:37:58;PP
123716950;A102A31B6B194B12;46498;230632509145;03/08/2023 23:38:00;PP
123716951;A102A31B6B194109;46498;230632509187;03/08/2023 23:38:02;PP
123716952;A102A31B6B195510;46498;230632509167;03/08/2023 23:38:03;PP
123716953;A102A31B6B194A12;46498;230632509146;03/08/2023 23:38:05;PP
123716954;A102A31B6B195310;46498;230632509166;03/08/2023 23:38:07;PP
123716955;A102A31B6B194C12;46498;230632509147;03/08/2023 23:38:09;PP
123716956;A102A31B6B196911;46498;230632509104;03/08/2023 23:38:10;PP
123716957;A102A31B6B194D12;46498;230632509148;03/08/2023 23:38:12;PP
123716958;A102A31B6B196B11;46498;230632509105;03/08/2023 23:38:14;PP
123716959;A102A31B6B195012;46498;230632509149;03/08/2023 23:38:15;PP
123716960;A102A31B6B19371E;46498;230632509217;03/08/2023 23:38:17;PP
123716961;A102A31B6B195112;46498;230632509150;03/08/2023 23:38:19;PP
123716962;A102A31B6B19361B;46498;230632509221;03/08/2023 23:38:20;PP
123716963;A102A31B6B193F12;46498;230632509151;03/08/2023 23:38:22;PP
123716964;A102A31B6B19431B;46498;230632509223;03/08/2023 23:38:24;PP
123716965;A102A31B6B193E12;46498;230632509152;03/08/2023 23:38:26;PP
123716966;A102A31B6B194209;46498;230632509188;03/08/2023 23:38:28;PP
123716967;A102A31B6B197F70;46498;230632509240;03/08/2023 23:38:29;PP
123716968;A102A31B6B192810;46498;230632509189;03/08/2023 23:38:31;PP
123716969;A102A31B6B191C65;46498;230632509238;03/08/2023 23:38:33;PP
123716970;A102A31B6B192610;46498;230632509190;03/08/2023 23:38:34;PP
123716971;A102A31B6B197E6B;46498;230632509236;03/08/2023 23:38:36;PP
123716972;A102A31B6B192910;46498;230632509191;03/08/2023 23:38:38;PP
123716973;A102A31B6B196269;46498;230632509234;03/08/2023 23:38:39;PP
123716974;A102A31B6B192B10;46498;230632509192;03/08/2023 23:38:41;PP
123716975;A102A32EF5044396;46498;230632509231;03/08/2023 23:38:43;PP
123716976;A102A31B6B193D07;46498;230632509193;03/08/2023 23:38:45;PP
123716977;A102A31B6B19826A;46498;230632509229;03/08/2023 23:38:46;PP
123716978;A102A31B6B193E07;46498;230632509194;03/08/2023 23:38:48;PP
123716979;A102A32EF5035E20;46498;230632509225;03/08/2023 23:38:50;PP
123716980;A102A31B6B196810;46498;230632509195;03/08/2023 23:38:51;PP
123716981;A102A31B6B196A65;46498;230632509242;03/08/2023 23:38:53;PP
123716982;A102A31B6B195410;46498;230632509168;03/08/2023 23:38:55;PP
123716983;A102A32EF503631F;46498;230632509243;03/08/2023 23:38:56;PP
123716984;A102A31B6B195610;46498;230632509169;03/08/2023 23:38:58;PP
123716985;A102A32EF503500A;46498;230632509245;03/08/2023 23:39:00;PP
123716986;A102A31B6B195710;46498;230632509170;03/08/2023 23:39:02;PP
123716987;A102A31B6B19226A;46498;230632505692;03/08/2023 23:39:03;PP
123716988;A102A31B6B195A10;46498;230632509171;03/08/2023 23:39:05;PP
123716989;A102A31B6B198077;46498;230632505893;03/08/2023 23:39:07;PP
123716990;A102A31B6B195810;46498;230632509172;03/08/2023 23:39:08;PP
123716991;A102A31B6B198264;46498;230632505772;03/08/2023 23:39:10;PP
123716992;A102A31B6B193A10;46498;230632509173;03/08/2023 23:39:12;PP
123716993;A102A31B6B196C74;46498;230632505891;03/08/2023 23:39:14;PP
123716994;A102A31B6B193B10;46498;230632509174;03/08/2023 23:39:15;PP
123716995;A102A31B6B194712;46498;230632508997;03/08/2023 23:40:28;PP
123716996;A102A31B6B193D10;46498;230632509175;03/08/2023 23:40:30;PP
123716997;A102A31B6B194B70;46498;230632389667;03/08/2023 23:40:42;PP
123716998;A102A31B6B193C10;46498;230632509176;03/08/2023 23:40:43;PP
123716999;A102A31B6B197F77;46498;230632505894;03/08/2023 23:40:54;PP
123717000;A102A32EF5042E96;46498;230632509247;03/08/2023 23:40:56;PP
